month,channel,spend
2024-10-01,email,62.9
2024-10-01,google_ads,2025.96
2024-10-01,instagram,1094.39
2024-10-01,referral,287.45
2024-11-01,email,140.16
2024-11-01,google_ads,2006.21
2024-11-01,instagram,2031.64
2024-11-01,referral,338.77
2024-12-01,email,83.21
2024-12-01,google_ads,1809.09
2024-12-01,instagram,1467.37
2024-12-01,referral,371.76
2025-01-01,email,84.48
2025-01-01,google_ads,1925.1
2025-01-01,instagram,1095.93
2025-01-01,referral,373.63
2025-02-01,email,45.25
2025-02-01,google_ads,872.38
2025-02-01,instagram,896.95
2025-02-01,referral,203.25
2025-03-01,email,59.63
2025-03-01,google_ads,1896.37
2025-03-01,instagram,983.54
2025-03-01,referral,221.24
2025-04-01,email,73.17
2025-04-01,google_ads,1338.29
2025-04-01,instagram,1147.06
2025-04-01,referral,284.14
2025-05-01,email,27.68
2025-05-01,google_ads,1532.5
2025-05-01,instagram,1174.31
2025-05-01,referral,251.42
2025-06-01,email,76.33
2025-06-01,google_ads,1056.69
2025-06-01,instagram,1091.15
2025-06-01,referral,241.09
2025-07-01,email,38.6
2025-07-01,google_ads,1032.71
2025-07-01,instagram,1168.57
2025-07-01,referral,202.75
2025-08-01,email,48.78
2025-08-01,google_ads,1222.91
2025-08-01,instagram,1352.32
2025-08-01,referral,190.73
2025-09-01,email,78.21
2025-09-01,google_ads,1075.1
2025-09-01,instagram,1074.97
2025-09-01,referral,263.68
2025-10-01,email,62.36
2025-10-01,google_ads,2192.49
2025-10-01,instagram,1193.39
2025-10-01,referral,451.11
2025-11-01,email,79.24
2025-11-01,google_ads,2282.24
2025-11-01,instagram,2244.19
2025-11-01,referral,412.64
2025-12-01,email,80.56
2025-12-01,google_ads,1861.89
2025-12-01,instagram,1692.07
2025-12-01,referral,317.42
2026-01-01,email,65.6
2026-01-01,google_ads,2130.4
2026-01-01,instagram,1444.15
2026-01-01,referral,263.68
2026-02-01,email,38.64
2026-02-01,google_ads,1621.52
2026-02-01,instagram,756.04
2026-02-01,referral,203.51
2026-03-01,email,59.49
2026-03-01,google_ads,1211.98
2026-03-01,instagram,1369.31
2026-03-01,referral,302.89
2026-04-01,email,71.72
2026-04-01,google_ads,1109.04
2026-04-01,instagram,1064.91
2026-04-01,referral,205.22
2026-05-01,email,53.8
2026-05-01,google_ads,1604.87
2026-05-01,instagram,1055.42
2026-05-01,referral,252.07
2026-06-01,email,40.18
2026-06-01,google_ads,1252.7
2026-06-01,instagram,870.01
2026-06-01,referral,241.29
2026-07-01,email,39.87
2026-07-01,google_ads,1045.43
2026-07-01,instagram,864.93
2026-07-01,referral,167.21
2026-08-01,email,47.24
2026-08-01,google_ads,1028.49
2026-08-01,instagram,942.5
2026-08-01,referral,168.18
2026-09-01,email,65.49
2026-09-01,google_ads,1356.26
2026-09-01,instagram,813.74
2026-09-01,referral,211.94
